{"Training-accuracy": 0.5083960890769958, "Validation-accuracy": 0.5241906046867371, "Training-loss": 0.9348017573356628, "Validation-loss": 1.0264220237731934}