{"train": {"accuracy": 0.5216729441305713, "precision": 0.525489206046937, "recall": 0.5216729441305713, "f1-score": 0.4826542105417169}, "test": {"accuracy": 0.5241906147690069, "precision": 0.3624874116686197, "recall": 0.34680897579601627, "f1-score": 0.31879476109962157}}