{"train": {"accuracy": 0.7646416878865042, "precision": 0.25488056262883474, "recall": 0.3333333333333333, "f1-score": 0.2888751460180032}, "test": {"accuracy": 0.5856675154601674, "precision": 0.19522250515338913, "recall": 0.3333333333333333, "f1-score": 0.2462338456832607}}