{"train": {"accuracy": 0.7646416878865042, "precision": 0.584676910853922, "recall": 0.7646416878865042, "f1-score": 0.6626579377189988}, "test": {"accuracy": 0.5856675154601674, "precision": 0.19522250515338913, "recall": 0.5856675154601674, "f1-score": 0.43263349387055267}}